name,price
ASUS ProArt Display 240Hz OLED 27-inch 4K,175
ASUS ProArt Display 27-inch 4K,1095
ASUS ProArt Display 27-inch 4K 144Hz IPS,1064
ASUS ProArt Display 27-inch 4K HDR400,499
ASUS ProArt Display 32-inch Curved,798
ASUS ProArt Display 34-inch Ultrawide,199
ASUS ProArt Display 34-inch Ultrawide 240Hz OLED,264
ASUS ProArt Display HDR400,504
ASUS ProArt Display HDR400 240Hz OLED,266
ASUS ROG Swift 240Hz OLED,1250
ASUS ROG Swift 27-inch 4K,772
ASUS ROG Swift 27-inch 4K 240Hz OLED,753
ASUS ROG Swift 32-inch Curved HDR400,767
ASUS ROG Swift HDR400,160
ASUS ROG Zephyrus G14 16GB RAM,2834
ASUS ROG Zephyrus G14 1TB SSD,958
ASUS ROG Zephyrus G14 32GB RAM,882
ASUS ROG Zephyrus G14 32GB RAM M3,848
ASUS ROG Zephyrus G14 M3 Pro,2850
ASUS TUF Gaming 144Hz IPS,1180
ASUS TUF Gaming 144Hz IPS 240Hz OLED,627
ASUS TUF Gaming 144Hz IPS HDR400,1012
ASUS TUF Gaming 27-inch 4K 240Hz OLED,882
ASUS TUF Gaming 34-inch Ultrawide,275
ASUS TUF Gaming 34-inch Ultrawide 240Hz OLED,272
ASUS TUF Gaming HDR400,339
ASUS TUF Gaming HDR400 240Hz OLED,461
ASUS Vivobook Pro 16GB RAM,2852
ASUS Vivobook Pro 16GB RAM 1TB SSD,2450
ASUS Vivobook Pro 1TB SSD M3,784
ASUS Vivobook Pro Core i7,2698
ASUS Vivobook Pro Core i7 M3 Pro,1325
ASUS Vivobook Pro M3 Pro,1012
ASUS Vivobook Pro M3 Pro 32GB RAM,1007
ASUS Vivobook Pro Ryzen 9 Core i7,1327
ASUS Vivobook Pro Ryzen 9 M3 Pro,1210
ASUS Zenbook 14 32GB RAM 16GB RAM,1242
ASUS Zenbook 14 Core i7,1316
ASUS Zenbook 14 M3 Pro,2407
ASUS Zenbook 14 Ryzen 7,2529
ASUS Zenbook 14 Ryzen 7 M3,1055
ASUS Zenbook 14 Ryzen 9,880
Acer Aspire 5 16GB RAM,881
Acer Aspire 5 1TB SSD,1173
Acer Aspire 5 1TB SSD Core i7,1553
Acer Aspire 5 32GB RAM,638
Acer Aspire 5 32GB RAM 1TB SSD,1922
Acer Aspire 5 Core i7,2371
Acer Aspire 5 Core i7 32GB RAM,2651
Acer Aspire 5 M3 Pro,1713
Acer Aspire 5 M3 Pro Core i9,1084
Acer Aspire 5 Ryzen 7 32GB RAM,897
Acer Aspire 5 Ryzen 7 M3,903
Acer Aspire 5 Ryzen 9 16GB RAM,731
Acer Aspire 5 Ryzen 9 Core i9,1835
Acer Predator Helios 16GB RAM 32GB RAM,2301
Acer Predator Helios 32GB RAM M3,2573
Acer Predator Helios 32GB RAM M3 Pro,2518
Acer Predator Helios Core i7,2369
Acer Predator Helios Core i9 M3 Pro,996
Acer Predator Helios M3,1664
Acer Predator Helios M3 Pro 32GB RAM,1969
Acer Predator Helios Ryzen 7 Core i9,1512
Acer Predator Helios Ryzen 9,2536
Acer Predator Helios Ryzen 9 32GB RAM,2429
Acer Swift Edge 16GB RAM Ryzen 9,720
Acer Swift Edge 1TB SSD M3 Pro,806
Acer Swift Edge Core i7,1355
Acer Swift Edge Core i7 32GB RAM,835
Acer Swift Edge Core i9,734
Acer Swift Edge Core i9 M3 Pro,1570
Acer Swift Edge Ryzen 7 Ryzen 9,1090
Amazon Echo Dot (5th Gen) 2-Pack Pro Bundle,643
Amazon Echo Dot (5th Gen) 4K Ultra HD,783
Amazon Echo Dot (5th Gen) 4K Ultra HD Wi-Fi Connected,601
Amazon Echo Dot (5th Gen) Battery Powered Wi-Fi Connected,151
Amazon Echo Dot (5th Gen) Wi-Fi Connected,212
Amazon Echo Dot (5th Gen) Wi-Fi Connected 4K Ultra HD,628
Amazon Echo Dot (5th Gen) Wi-Fi Connected Pro Bundle,492
Amazon Echo Show 8 2-Pack,388
Amazon Echo Show 8 2-Pack Pro Bundle,335
Amazon Echo Show 8 4K Ultra HD Smart,705
Amazon Echo Show 8 Battery Powered,660
Amazon Echo Show 8 Pro Bundle,394
Amazon Echo Show 8 Pro Bundle Smart,283
Amazon Echo Show 8 Smart,473
Amazon Fire TV Stick 4K 2-Pack,360
Amazon Fire TV Stick 4K 4K Ultra HD Smart,151
Amazon Fire TV Stick 4K Battery Powered,573
Amazon Fire TV Stick 4K Battery Powered 4K Ultra HD,192
Amazon Fire TV Stick 4K Smart,303
Amazon Fire TV Stick 4K Smart 4K Ultra HD,300
Amazon Fire TV Stick 4K Smart Wi-Fi Connected,272
Amazon Fire TV Stick 4K Wi-Fi Connected,593
Anker 737 Power Bank 1TB,70
Anker 737 Power Bank 1TB 2TB,294
Anker 737 Power Bank 1TB High-Speed,291
Anker 737 Power Bank 2TB Fast Charging,54
Anker 737 Power Bank 4TB,41
Anker 737 Power Bank 4TB High-Speed,271
Anker 737 Power Bank Fast Charging,56
Anker 737 Power Bank Fast Charging High-Speed,56
Anker 737 Power Bank Fast Charging Rugged,132
Anker 737 Power Bank High-Speed 2TB,66
Anker 737 Power Bank Rugged,140
Anker 737 Power Bank Rugged 1TB,136
Anker 737 Power Bank Rugged 2TB,294
Anker 737 Power Bank USB-C 1TB,71
Anker Liberty 4 NC ANC Bluetooth,332
Anker Liberty 4 NC Bluetooth Studio Edition,167
Anker Liberty 4 NC Waterproof ANC,443
Anker Liberty 4 NC Waterproof Studio Edition,131
Anker Liberty 4 NC Wireless,390
Anker Motion X600 ANC Noise Cancelling,534
Anker Motion X600 Bluetooth,329
Anker Motion X600 Bluetooth Studio Edition,164
Anker Motion X600 Studio Edition,75
Anker Nano II Charger 1TB 2TB,166
Anker Nano II Charger 2TB,327
Anker Nano II Charger 2TB Fast Charging,262
Anker Nano II Charger 4TB,214
Anker Nano II Charger 4TB 2TB,68
Anker Nano II Charger High-Speed,146
Anker Nano II Charger Rugged,33
Anker Nano II Charger USB-C Fast Charging,357
Anker Prime USB-C Hub 4TB,128
Anker Prime USB-C Hub 4TB 1TB,44
Anker Prime USB-C Hub 4TB 2TB,361
Anker Prime USB-C Hub Fast Charging 1TB,346
Anker Prime USB-C Hub Fast Charging 4TB,278
Anker Prime USB-C Hub High-Speed,104
Anker Prime USB-C Hub High-Speed 1TB,22
Anker Prime USB-C Hub USB-C,141
Anker Prime USB-C Hub USB-C 2TB,113
Anker Prime USB-C Hub USB-C High-Speed,290
Anker Soundcore Space Q45 ANC,246
Anker Soundcore Space Q45 ANC Bluetooth,431
Anker Soundcore Space Q45 Bluetooth Noise Cancelling,107
Anker Soundcore Space Q45 Bluetooth Waterproof,129
Anker Soundcore Space Q45 Noise Cancelling Studio Edition,195
Anker Soundcore Space Q45 Studio Edition Bluetooth,539
Anker Soundcore Space Q45 Wireless,256
Anker Soundcore Space Q45 Wireless Noise Cancelling,420
Apple AirPods (3rd Gen) ANC,548
Apple AirPods (3rd Gen) ANC Noise Cancelling,224
Apple AirPods (3rd Gen) Noise Cancelling Studio Edition,397
Apple AirPods (3rd Gen) Studio Edition Noise Cancelling,154
Apple AirPods (3rd Gen) Waterproof ANC,470
Apple AirPods (3rd Gen) Wireless Noise Cancelling,164
Apple AirPods (3rd Gen) Wireless Studio Edition,485
Apple AirPods Max ANC,203
Apple AirPods Max ANC Bluetooth,547
Apple AirPods Max ANC Wireless,398
Apple AirPods Max Bluetooth ANC,134
Apple AirPods Max Studio Edition,164
Apple AirPods Max Wireless,532
Apple AirPods Max Wireless Studio Edition,192
Apple AirPods Pro (2nd Gen) Bluetooth,322
Apple AirPods Pro (2nd Gen) Bluetooth Waterproof,419
Apple AirPods Pro (2nd Gen) Noise Cancelling Bluetooth,220
Apple AirPods Pro (2nd Gen) Studio Edition,123
Apple AirPods Pro (2nd Gen) Studio Edition ANC,212
Apple AirPods Pro (2nd Gen) Studio Edition Noise Cancelling,259
Apple MacBook Air 13-inch 16GB RAM,1646
Apple MacBook Air 13-inch 1TB SSD,2809
Apple MacBook Air 13-inch 1TB SSD 16GB RAM,2823
Apple MacBook Air 13-inch Core i7 32GB RAM,2436
Apple MacBook Air 13-inch Core i9,686
Apple MacBook Air 13-inch Core i9 M3,1445
Apple MacBook Air 13-inch M3 Pro,2170
Apple MacBook Air 13-inch Ryzen 9,1197
Apple MacBook Air 13-inch Ryzen 9 16GB RAM,927
Apple MacBook Air 13-inch Ryzen 9 1TB SSD,1189
Apple MacBook Pro 14-inch 1TB SSD Ryzen 7,2651
Apple MacBook Pro 14-inch 32GB RAM,2719
Apple MacBook Pro 14-inch 32GB RAM 16GB RAM,1022
Apple MacBook Pro 14-inch 32GB RAM Core i9,2549
Apple MacBook Pro 14-inch Core i9,2622
Apple MacBook Pro 14-inch M3 Pro,2622
Apple MacBook Pro 16-inch 32GB RAM,2191
Apple MacBook Pro 16-inch Core i7 M3,2593
Apple MacBook Pro 16-inch Core i9,806
Apple MacBook Pro 16-inch Core i9 32GB RAM,1953
Apple MacBook Pro 16-inch M3 Core i7,731
Apple MacBook Pro 16-inch M3 Pro,1647
Apple MacBook Pro 16-inch Ryzen 7,1158
Apple MacBook Pro 16-inch Ryzen 9,833
Apple iPhone 14 128GB,643
Apple iPhone 14 128GB 512GB,545
Apple iPhone 14 128GB Ultra,626
Apple iPhone 14 256GB Lite,1398
Apple iPhone 14 512GB,518
Apple iPhone 14 5G,1087
Apple iPhone 14 5G 128GB,437
Apple iPhone 14 5G Lite,508
Apple iPhone 14 Lite,377
Apple iPhone 14 Plus,1474
Apple iPhone 14 Plus 256GB,1561
Apple iPhone 14 Pro Max,836
Apple iPhone 14 Pro Max Pro,440
Apple iPhone 14 Ultra,837
Apple iPhone 15 128GB,496
Apple iPhone 15 5G Pro Max,1371
Apple iPhone 15 Lite,1441
Apple iPhone 15 Plus Pro Max,978
Apple iPhone 15 Pro,1377
Apple iPhone 15 Pro Max,1514
Apple iPhone 15 Ultra,1333
Apple iPhone SE 256GB,338
Apple iPhone SE 5G Pro Max,1487
Apple iPhone SE Pro,634
Apple iPhone SE Pro Max 128GB,569
Apple iPhone SE Ultra 128GB,1564
Beats Fit Pro ANC,84
Beats Fit Pro ANC Bluetooth,95
Beats Fit Pro ANC Wireless,209
Beats Fit Pro Bluetooth,130
Beats Fit Pro Bluetooth ANC,488
Beats Fit Pro Studio Edition Bluetooth,460
Beats Fit Pro Studio Edition Wireless,397
Beats Fit Pro Waterproof,103
Beats Fit Pro Waterproof Bluetooth,469
Beats Fit Pro Waterproof Studio Edition,115
Beats Fit Pro Wireless,547
Beats Fit Pro Wireless ANC,58
Beats Solo3 Wireless ANC,107
Beats Solo3 Wireless Bluetooth Wireless,548
Beats Solo3 Wireless Noise Cancelling,54
Beats Solo3 Wireless Noise Cancelling ANC,309
Beats Solo3 Wireless Studio Edition,338
Beats Studio Pro ANC,408
Beats Studio Pro ANC Bluetooth,79
Beats Studio Pro ANC Waterproof,480
Beats Studio Pro Bluetooth,309
Beats Studio Pro Bluetooth Wireless,458
Beats Studio Pro Noise Cancelling Waterproof,189
Beats Studio Pro Noise Cancelling Wireless,444
Beats Studio Pro Studio Edition,265
Beats Studio Pro Wireless Noise Cancelling,156
BenQ DesignVue 144Hz IPS 32-inch Curved,1145
BenQ DesignVue 27-inch 4K,195
BenQ DesignVue 27-inch 4K 32-inch Curved,1072
BenQ DesignVue 32-inch Curved,1059
BenQ DesignVue 34-inch Ultrawide 144Hz IPS,588
BenQ DesignVue 34-inch Ultrawide 240Hz OLED,680
BenQ DesignVue 34-inch Ultrawide 32-inch Curved,212
BenQ DesignVue HDR400,416
BenQ DesignVue HDR400 34-inch Ultrawide,193
BenQ Mobiuz 240Hz OLED,474
BenQ Mobiuz 240Hz OLED HDR400,392
BenQ Mobiuz 32-inch Curved,871
BenQ Mobiuz 34-inch Ultrawide,781
BenQ Mobiuz 34-inch Ultrawide 27-inch 4K,978
BenQ Mobiuz HDR400 34-inch Ultrawide,193
BenQ PhotoVue 144Hz IPS,333
BenQ PhotoVue 144Hz IPS 32-inch Curved,625
BenQ PhotoVue 144Hz IPS 34-inch Ultrawide,752
BenQ PhotoVue 240Hz OLED,1179
BenQ PhotoVue 27-inch 4K,1250
BenQ PhotoVue 27-inch 4K 32-inch Curved,713
BenQ PhotoVue 32-inch Curved,316
BenQ PhotoVue HDR400,1204
Bose QuietComfort II ANC,482
Bose QuietComfort II ANC Noise Cancelling,132
Bose QuietComfort II Bluetooth,388
Bose QuietComfort Ultra ANC Noise Cancelling,277
Bose QuietComfort Ultra ANC Wireless,469
Bose QuietComfort Ultra Bluetooth Studio Edition,117
Bose QuietComfort Ultra Studio Edition,87
Bose QuietComfort Ultra Studio Edition ANC,381
Bose QuietComfort Ultra Studio Edition Waterproof,418
Bose QuietComfort Ultra Waterproof,96
Bose QuietComfort Ultra Waterproof Wireless,344
Bose QuietComfort Ultra Wireless,72
Bose SoundLink Flex Bluetooth,269
Bose SoundLink Flex Noise Cancelling Waterproof,466
Bose SoundLink Flex Noise Cancelling Wireless,317
Bose SoundLink Flex Studio Edition,249
Bose SoundLink Flex Waterproof,476
Bose SoundLink Flex Waterproof Studio Edition,375
Corsair Dark Core RGB Ergonomic,101
Corsair Dark Core RGB Ergonomic Gaming,174
Corsair Dark Core RGB Ergonomic Mechanical,62
Corsair Dark Core RGB Gaming RGB,237
Corsair Dark Core RGB Gaming Tenkeyless,135
Corsair Dark Core RGB Mechanical,210
Corsair Dark Core RGB Tenkeyless,93
Corsair Dark Core RGB Wireless,99
Corsair Dark Core RGB Wireless Gaming,101
Corsair Dark Core RGB Wireless RGB,49
Corsair Dark Core RGB Wireless Tenkeyless,64
Corsair HS80 Wireless Ergonomic Tenkeyless,161
Corsair HS80 Wireless Gaming,136
Corsair HS80 Wireless Gaming Mechanical,213
Corsair HS80 Wireless Gaming Wireless,216
Corsair HS80 Wireless Mechanical,154
Corsair HS80 Wireless Mechanical Gaming,67
Corsair HS80 Wireless RGB Gaming,156
Corsair HS80 Wireless Tenkeyless Ergonomic,142
Corsair K70 MAX Ergonomic,206
Corsair K70 MAX Ergonomic RGB,189
Corsair K70 MAX RGB,95
Corsair K70 MAX RGB Wireless,156
Corsair K70 MAX Tenkeyless Mechanical,136
Corsair K70 MAX Wireless RGB,157
Corsair K70 MAX Wireless Tenkeyless,47
Crucial T500 NVMe SSD 1TB 2TB,92
Crucial T500 NVMe SSD 1TB USB-C,45
Crucial T500 NVMe SSD 2TB,288
Crucial T500 NVMe SSD 2TB 4TB,302
Crucial T500 NVMe SSD 4TB High-Speed,273
Crucial T500 NVMe SSD 4TB USB-C,204
Crucial T500 NVMe SSD Fast Charging,138
Crucial T500 NVMe SSD High-Speed,67
Crucial T500 NVMe SSD High-Speed 2TB,375
Crucial T500 NVMe SSD High-Speed Fast Charging,237
Crucial T500 NVMe SSD High-Speed Rugged,271
Crucial T500 NVMe SSD Rugged 1TB,23
Crucial T500 NVMe SSD Rugged USB-C,260
Crucial T500 NVMe SSD USB-C,160
Crucial T500 NVMe SSD USB-C Fast Charging,322
Crucial T500 NVMe SSD USB-C Rugged,19
Crucial X9 Pro Portable 1TB,31
Crucial X9 Pro Portable 2TB High-Speed,39
Crucial X9 Pro Portable 4TB,238
Crucial X9 Pro Portable Fast Charging 1TB,87
Crucial X9 Pro Portable High-Speed Fast Charging,237
Crucial X9 Pro Portable Rugged,180
Crucial X9 Pro Portable Rugged 2TB,343
Crucial X9 Pro Portable Rugged Fast Charging,153
Crucial X9 Pro Portable Rugged USB-C,119
Crucial X9 Pro Portable USB-C 2TB,362
DJI Mini 4 Pro Drone Battery Powered Smart,884
DJI Mini 4 Pro Drone Pro Bundle,239
DJI Mini 4 Pro Drone Smart,885
DJI Osmo Action 4 2-Pack,78
DJI Osmo Action 4 Smart,188
DJI Osmo Action 4 Smart 4K Ultra HD,97
DJI Osmo Pocket 3 4K Ultra HD,255
DJI Osmo Pocket 3 Pro Bundle,515
DJI Osmo Pocket 3 Pro Bundle Battery Powered,331
DJI Osmo Pocket 3 Smart,538
DJI Osmo Pocket 3 Smart 4K Ultra HD,90
Dell Alienware Curved 144Hz IPS 32-inch Curved,411
Dell Alienware Curved 240Hz OLED,1084
Dell Alienware Curved 27-inch 4K 144Hz IPS,827
Dell Alienware Curved 32-inch Curved 144Hz IPS,371
Dell Alienware Curved 34-inch Ultrawide HDR400,1146
Dell Alienware Curved HDR400,1117
Dell Alienware m16 1TB SSD,839
Dell Alienware m16 Core i7 Ryzen 7,2262
Dell Alienware m16 M3,1048
Dell Alienware m16 M3 Pro Ryzen 7,906
Dell Inspiron 16 16GB RAM Core i7,1952
Dell Inspiron 16 32GB RAM Core i7,1894
Dell Inspiron 16 Core i7 M3,2141
Dell Inspiron 16 Core i9 1TB SSD,1162
Dell Inspiron 16 M3,2891
Dell Inspiron 16 Ryzen 9,2724
Dell S-Series 144Hz IPS,698
Dell S-Series 34-inch Ultrawide 27-inch 4K,1161
Dell S-Series HDR400,1225
Dell UltraSharp 240Hz OLED,1007
Dell UltraSharp 240Hz OLED 34-inch Ultrawide,384
Dell UltraSharp 32-inch Curved,407
Dell UltraSharp 34-inch Ultrawide,255
Dell UltraSharp 34-inch Ultrawide 144Hz IPS,464
Dell UltraSharp HDR400,488
Dell XPS 13 Core i9 Core i7,1364
Dell XPS 13 M3,2427
Dell XPS 13 M3 32GB RAM,2637
Dell XPS 13 M3 Pro,1272
Dell XPS 15 16GB RAM,1908
Dell XPS 15 1TB SSD Ryzen 7,1272
Dell XPS 15 M3,2665
Eufy Cam 2C Pro 2-Pack Smart,564
Eufy Cam 2C Pro Battery Powered,43
Eufy Cam 2C Pro Battery Powered Smart,95
Eufy Cam 2C Pro Pro Bundle Smart,307
Eufy Cam 2C Pro Wi-Fi Connected,723
Eufy RoboVac G30 2-Pack,325
Eufy RoboVac G30 2-Pack 4K Ultra HD,464
Eufy RoboVac G30 2-Pack Smart,810
Eufy RoboVac G30 4K Ultra HD,223
Eufy RoboVac G30 4K Ultra HD Pro Bundle,852
Eufy RoboVac G30 4K Ultra HD Wi-Fi Connected,339
Eufy RoboVac G30 Battery Powered Smart,235
Eufy RoboVac G30 Pro Bundle,825
Eufy RoboVac G30 Pro Bundle Battery Powered,776
Eufy RoboVac G30 Smart,572
Eufy RoboVac G30 Wi-Fi Connected Battery Powered,576
Gigabyte Aorus Gaming 144Hz IPS,861
Gigabyte Aorus Gaming 240Hz OLED,847
Gigabyte Aorus Gaming 240Hz OLED 144Hz IPS,997
Gigabyte Aorus Gaming 240Hz OLED 34-inch Ultrawide,680
Gigabyte Aorus Gaming 27-inch 4K 144Hz IPS,1022
Gigabyte Aorus Gaming 27-inch 4K HDR400,603
Gigabyte Aorus Gaming 32-inch Curved,756
Gigabyte Aorus Gaming 32-inch Curved 144Hz IPS,978
Gigabyte Aorus Gaming 32-inch Curved 27-inch 4K,1206
Gigabyte Aorus Gaming 34-inch Ultrawide,434
Gigabyte Aorus Gaming 34-inch Ultrawide 27-inch 4K,946
Gigabyte Aorus Gaming 34-inch Ultrawide 32-inch Curved,1235
Gigabyte Aorus Gaming HDR400,627
Gigabyte Aorus Gaming HDR400 144Hz IPS,1275
Gigabyte M27Q 144Hz IPS,673
Gigabyte M27Q 144Hz IPS 240Hz OLED,900
Gigabyte M27Q 240Hz OLED,998
Gigabyte M27Q 240Hz OLED 27-inch 4K,537
Gigabyte M27Q 27-inch 4K,998
Gigabyte M27Q 27-inch 4K 240Hz OLED,248
Gigabyte M27Q 32-inch Curved,1126
Gigabyte M27Q 34-inch Ultrawide 240Hz OLED,699
Gigabyte M27Q 34-inch Ultrawide 27-inch 4K,986
Gigabyte M27Q HDR400,1227
Gigabyte M27Q HDR400 144Hz IPS,1023
GoPro Hero 12 Black 2-Pack,704
GoPro Hero 12 Black 4K Ultra HD,848
GoPro Hero 12 Black 4K Ultra HD Pro Bundle,890
GoPro Hero 12 Black 4K Ultra HD Smart,839
GoPro Hero 12 Black 4K Ultra HD Wi-Fi Connected,139
GoPro Hero 12 Black Battery Powered,635
GoPro Hero 12 Black Battery Powered 4K Ultra HD,153
GoPro Hero 12 Black Battery Powered Pro Bundle,723
GoPro Hero 12 Black Battery Powered Smart,221
GoPro Hero 12 Black Pro Bundle,691
GoPro Hero 12 Black Smart Battery Powered,168
GoPro Max 360 Camera 2-Pack,418
GoPro Max 360 Camera 2-Pack Battery Powered,630
GoPro Max 360 Camera 4K Ultra HD,131
GoPro Max 360 Camera Battery Powered,67
GoPro Max 360 Camera Battery Powered 2-Pack,310
GoPro Max 360 Camera Pro Bundle,479
GoPro Max 360 Camera Pro Bundle 4K Ultra HD,838
GoPro Max 360 Camera Smart 2-Pack,579
Google Nest Cam 4K Ultra HD,158
Google Nest Cam Battery Powered Pro Bundle,480
Google Nest Cam Pro Bundle Wi-Fi Connected,432
Google Nest Cam Smart 2-Pack,419
Google Nest Cam Smart Battery Powered,182
Google Nest Cam Wi-Fi Connected,574
Google Nest Hub Max 2-Pack Battery Powered,565
Google Nest Hub Max Battery Powered,401
Google Nest Hub Max Pro Bundle,286
Google Nest Hub Max Pro Bundle 4K Ultra HD,646
Google Nest Hub Max Pro Bundle Smart,793
Google Nest Hub Max Wi-Fi Connected,837
Google Nest Thermostat 4K Ultra HD,308
Google Nest Thermostat 4K Ultra HD Battery Powered,637
Google Nest Thermostat Battery Powered,712
Google Nest Thermostat Pro Bundle,484
Google Nest Thermostat Wi-Fi Connected Battery Powered,178
Google Nest Thermostat Wi-Fi Connected Smart,245
Google Pixel 7a 128GB,1463
Google Pixel 7a 128GB 512GB,1499
Google Pixel 7a 128GB Pro,1269
Google Pixel 7a 256GB,305
Google Pixel 7a 512GB 5G,516
Google Pixel 7a 5G,729
Google Pixel 7a Lite 256GB,859
Google Pixel 7a Lite 512GB,910
Google Pixel 7a Plus Lite,1557
Google Pixel 7a Pro Max,779
Google Pixel 7a Pro Max 512GB,1146
Google Pixel 7a Pro Max Ultra,1470
Google Pixel 7a Ultra 5G,405
Google Pixel 8 256GB,1065
Google Pixel 8 512GB,497
Google Pixel 8 5G,977
Google Pixel 8 5G Pro Max,1193
Google Pixel 8 Pro,1001
Google Pixel 8 Pro 128GB,541
Google Pixel 8 Pro 256GB,316
Google Pixel 8 Ultra,313
Google Pixel 8 Ultra 512GB,945
Google Pixel Fold 256GB Plus,1213
Google Pixel Fold 512GB,652
Google Pixel Fold 512GB 256GB,402
Google Pixel Fold 512GB Lite,392
Google Pixel Fold 5G,881
Google Pixel Fold 5G Lite,782
Google Pixel Fold Lite,1220
Google Pixel Fold Lite Plus,700
Google Pixel Fold Plus Pro,654
Google Pixel Fold Pro,307
Google Pixel Fold Pro Max 5G,917
HP Envy 14 M3 Pro 1TB SSD,1534
HP Envy 14 Ryzen 7,1745
HP Envy 14 Ryzen 7 Core i7,853
HP Envy 14 Ryzen 9 1TB SSD,2232
HP Envy 14 Ryzen 9 Ryzen 7,918
HP Omen 16 1TB SSD,2538
HP Omen 16 M3 Pro,1364
HP Pavilion 15 32GB RAM,2824
HP Pavilion 15 Ryzen 7,1782
HP Spectre x360 16GB RAM,1951
HP Spectre x360 1TB SSD,1364
HP Spectre x360 32GB RAM Ryzen 7,2822
HP Spectre x360 32GB RAM Ryzen 9,897
HP Spectre x360 Core i9,1310
HP Spectre x360 M3,2676
HP Spectre x360 Ryzen 9 M3 Pro,2870
HyperX Alloy Origins Gaming,132
HyperX Alloy Origins Gaming Ergonomic,203
HyperX Alloy Origins Gaming Wireless,121
HyperX Alloy Origins Mechanical,151
HyperX Alloy Origins Mechanical Ergonomic,228
HyperX Alloy Origins RGB,215
HyperX Alloy Origins Tenkeyless,148
HyperX Alloy Origins Wireless,206
HyperX Alloy Origins Wireless RGB,196
HyperX Cloud III Wireless Ergonomic,206
HyperX Cloud III Wireless Gaming,66
HyperX Cloud III Wireless Mechanical,86
HyperX Cloud III Wireless Mechanical Gaming,233
HyperX Cloud III Wireless RGB,82
HyperX Cloud III Wireless RGB Ergonomic,224
HyperX Cloud III Wireless Wireless,228
HyperX Pulsefire Haste Ergonomic Tenkeyless,59
HyperX Pulsefire Haste Gaming RGB,124
HyperX Pulsefire Haste Mechanical,129
HyperX Pulsefire Haste Mechanical Gaming,212
HyperX Pulsefire Haste RGB,236
HyperX Pulsefire Haste RGB Mechanical,162
HyperX Pulsefire Haste Tenkeyless,166
HyperX Pulsefire Haste Tenkeyless Mechanical,249
HyperX Pulsefire Haste Wireless,228
JBL Flip 6 Speaker Studio Edition Wireless,269
JBL Flip 6 Speaker Wireless,518
JBL Flip 6 Speaker Wireless Studio Edition,400
JBL Live 660NC ANC Studio Edition,68
JBL Live 660NC ANC Waterproof,512
JBL Live 660NC Bluetooth,78
JBL Live 660NC Bluetooth Studio Edition,348
JBL Live 660NC Noise Cancelling,167
JBL Live 660NC Studio Edition Bluetooth,359
JBL Live 660NC Studio Edition Waterproof,370
JBL Live 660NC Wireless,525
JBL Tune Flex ANC Studio Edition,485
JBL Tune Flex Studio Edition Wireless,188
Keychron K2 Wireless Ergonomic Gaming,190
Keychron K2 Wireless Ergonomic Mechanical,181
Keychron K2 Wireless Gaming Ergonomic,179
Keychron K2 Wireless Mechanical,115
Keychron K2 Wireless Wireless,211
Keychron Q1 Pro Ergonomic,147
Keychron Q1 Pro Ergonomic Gaming,123
Keychron Q1 Pro Ergonomic Mechanical,49
Keychron V1 Mechanical Keyboard Gaming,160
Keychron V1 Mechanical Keyboard Gaming Mechanical,219
Keychron V1 Mechanical Keyboard Gaming Tenkeyless,43
Keychron V1 Mechanical Keyboard RGB,219
Keychron V1 Mechanical Keyboard Tenkeyless,157
Keychron V1 Mechanical Keyboard Tenkeyless Ergonomic,233
Keychron V1 Mechanical Keyboard Wireless Mechanical,73
LG UltraFine 144Hz IPS 32-inch Curved,727
LG UltraFine 144Hz IPS HDR400,1251
LG UltraFine 240Hz OLED,999
LG UltraFine 240Hz OLED 32-inch Curved,172
LG UltraFine 27-inch 4K HDR400,439
LG UltraFine 32-inch Curved,846
LG UltraFine 32-inch Curved HDR400,1009
LG UltraFine 34-inch Ultrawide,771
LG UltraFine HDR400,1250
LG UltraFine HDR400 144Hz IPS,487
LG UltraFine HDR400 27-inch 4K,1002
LG UltraGear 144Hz IPS,1272
LG UltraGear 27-inch 4K HDR400,360
LG UltraGear 34-inch Ultrawide 32-inch Curved,267
LG UltraGear HDR400,913
LG UltraGear HDR400 34-inch Ultrawide,174
LG UltraWide 144Hz IPS,809
LG UltraWide 240Hz OLED 32-inch Curved,278
LG UltraWide 34-inch Ultrawide 32-inch Curved,908
LG UltraWide 34-inch Ultrawide HDR400,182
Lenovo IdeaPad Slim 5 1TB SSD,2786
Lenovo IdeaPad Slim 5 1TB SSD Ryzen 7,937
Lenovo IdeaPad Slim 5 Core i9 16GB RAM,839
Lenovo IdeaPad Slim 5 Ryzen 9,1005
Lenovo Legion Pro 5 16GB RAM,741
Lenovo Legion Pro 5 16GB RAM Ryzen 7,2445
Lenovo Legion Pro 5 1TB SSD 32GB RAM,1826
Lenovo Legion Pro 5 32GB RAM Core i9,1933
Lenovo Legion Pro 5 Core i7 1TB SSD,606
Lenovo Legion Pro 5 Core i7 M3,646
Lenovo Legion Pro 5 Core i9 1TB SSD,1866
Lenovo Legion Pro 5 Core i9 Ryzen 7,1347
Lenovo Legion Pro 5 Ryzen 7 32GB RAM,1386
Lenovo ThinkPad X1 Carbon 16GB RAM Core i9,2171
Lenovo ThinkPad X1 Carbon 1TB SSD,1804
Lenovo ThinkPad X1 Carbon 32GB RAM Core i9,1176
Lenovo ThinkPad X1 Carbon Core i9,1833
Lenovo ThinkPad X1 Carbon Ryzen 7,681
Lenovo ThinkPad X1 Carbon Ryzen 7 32GB RAM,1767
Lenovo Yoga Book 9i 16GB RAM Core i9,2897
Lenovo Yoga Book 9i 1TB SSD,980
Lenovo Yoga Book 9i 1TB SSD Ryzen 9,2395
Lenovo Yoga Book 9i Core i9,2681
Lenovo Yoga Book 9i Core i9 Core i7,884
Lenovo Yoga Book 9i Ryzen 9 16GB RAM,2848
Lenovo Yoga Book 9i Ryzen 9 1TB SSD,1035
Logitech G Pro X Superlight Ergonomic,71
Logitech G Pro X Superlight Wireless Ergonomic,240
Logitech G502 X Plus Ergonomic,154
Logitech G502 X Plus Gaming RGB,108
Logitech G502 X Plus Gaming Tenkeyless,142
Logitech G502 X Plus Mechanical RGB,96
Logitech G502 X Plus Mechanical Wireless,117
Logitech G502 X Plus RGB Wireless,199
Logitech G502 X Plus Tenkeyless Mechanical,214
Logitech G502 X Plus Wireless Ergonomic,189
Logitech MX Keys S Ergonomic Mechanical,77
Logitech MX Keys S Gaming Mechanical,208
Logitech MX Keys S RGB,50
Logitech MX Keys S RGB Mechanical,217
Logitech MX Keys S Wireless,126
Logitech MX Master 3S Ergonomic Tenkeyless,173
Logitech MX Master 3S Gaming,175
Logitech MX Master 3S Gaming RGB,177
Logitech MX Master 3S Mechanical,144
Logitech MX Master 3S RGB,94
Logitech MX Master 3S Tenkeyless,77
MSI Katana 15 16GB RAM,1829
MSI Katana 15 16GB RAM 1TB SSD,2081
MSI Katana 15 1TB SSD,2732
MSI Prestige 14 16GB RAM,2603
MSI Prestige 14 16GB RAM Core i9,1313
MSI Prestige 14 1TB SSD,1289
MSI Prestige 14 1TB SSD Ryzen 7,1010
MSI Prestige 14 32GB RAM M3,2043
MSI Prestige 14 Core i7,2786
MSI Prestige 14 Core i7 M3,1979
MSI Prestige 14 Core i9,775
MSI Prestige 14 M3,1927
MSI Prestige 14 M3 Pro 32GB RAM,2561
MSI Prestige 14 Ryzen 9 M3 Pro,1232
MSI Stealth 16 16GB RAM,663
MSI Stealth 16 1TB SSD M3,1497
MSI Stealth 16 Core i9 M3,1243
MSI Stealth 16 M3 Pro 16GB RAM,2162
MSI Stealth 16 M3 Pro 1TB SSD,2416
MSI Stealth 16 M3 Pro 32GB RAM,1148
MSI Stealth 16 Ryzen 7 M3 Pro,604
OnePlus OnePlus 12 128GB 512GB,705
OnePlus OnePlus 12 128GB 5G,869
OnePlus OnePlus 12 128GB Ultra,460
OnePlus OnePlus 12 5G,1018
OnePlus OnePlus 12 5G Ultra,879
OnePlus OnePlus 12 Lite,1528
OnePlus OnePlus 12 Lite 128GB,563
OnePlus OnePlus 12 Lite 512GB,1408
OnePlus OnePlus 12 Plus,970
OnePlus OnePlus 12 Plus Pro Max,676
OnePlus OnePlus 12 Pro,309
OnePlus OnePlus 12 Pro Max,1157
OnePlus OnePlus 12 Ultra,971
OnePlus OnePlus Nord 3 128GB,1023
OnePlus OnePlus Nord 3 128GB Pro Max,320
OnePlus OnePlus Nord 3 256GB,509
OnePlus OnePlus Nord 3 512GB 256GB,332
OnePlus OnePlus Nord 3 512GB Pro,1328
OnePlus OnePlus Nord 3 5G,428
OnePlus OnePlus Nord 3 5G 128GB,1540
OnePlus OnePlus Nord 3 Lite Plus,981
OnePlus OnePlus Nord 3 Plus 5G,1102
OnePlus OnePlus Nord 3 Pro,1339
OnePlus OnePlus Nord 3 Pro 256GB,603
OnePlus OnePlus Nord 3 Ultra,531
Philips Hue Play Light Bar 2-Pack Pro Bundle,40
Philips Hue Play Light Bar 2-Pack Wi-Fi Connected,590
Philips Hue Play Light Bar 4K Ultra HD,539
Philips Hue Play Light Bar Battery Powered 2-Pack,168
Philips Hue Play Light Bar Pro Bundle 2-Pack,368
Philips Hue Play Light Bar Pro Bundle Battery Powered,583
Philips Hue Play Light Bar Pro Bundle Wi-Fi Connected,652
Philips Hue Play Light Bar Smart Pro Bundle,678
Philips Hue Play Light Bar Wi-Fi Connected Battery Powered,699
Philips Hue Smart Bulb Starter Kit 2-Pack,285
Philips Hue Smart Bulb Starter Kit 2-Pack 4K Ultra HD,780
Philips Hue Smart Bulb Starter Kit 2-Pack Pro Bundle,657
Philips Hue Smart Bulb Starter Kit 4K Ultra HD,347
Philips Hue Smart Bulb Starter Kit 4K Ultra HD Smart,72
Philips Hue Smart Bulb Starter Kit 4K Ultra HD Wi-Fi Connected,845
Philips Hue Smart Bulb Starter Kit Battery Powered,866
Philips Hue Smart Bulb Starter Kit Battery Powered 4K Ultra HD,69
Philips Hue Smart Bulb Starter Kit Battery Powered Smart,271
Philips Hue Smart Bulb Starter Kit Pro Bundle,715
Philips Hue Smart Bulb Starter Kit Smart Pro Bundle,200
Philips Hue Smart Bulb Starter Kit Wi-Fi Connected,714
Philips Hue Smart Bulb Starter Kit Wi-Fi Connected 4K Ultra HD,209
Razer BlackWidow V4 Gaming Ergonomic,119
Razer BlackWidow V4 RGB,59
Razer BlackWidow V4 Tenkeyless,201
Razer BlackWidow V4 Wireless Gaming,232
Razer DeathAdder V3 Pro Ergonomic,84
Razer DeathAdder V3 Pro RGB,198
Razer DeathAdder V3 Pro RGB Wireless,102
Razer Huntsman V3 Pro Ergonomic,207
Razer Huntsman V3 Pro Ergonomic Gaming,201
Razer Huntsman V3 Pro Ergonomic Mechanical,196
Razer Huntsman V3 Pro Gaming,173
Razer Huntsman V3 Pro Gaming Ergonomic,157
Razer Huntsman V3 Pro RGB Wireless,105
Razer Huntsman V3 Pro Tenkeyless RGB,156
Razer Huntsman V3 Pro Wireless Mechanical,54
Razer Viper V2 Pro Ergonomic Wireless,232
Razer Viper V2 Pro Gaming,184
Razer Viper V2 Pro Gaming Ergonomic,137
Razer Viper V2 Pro Gaming Mechanical,105
Razer Viper V2 Pro Gaming RGB,153
Razer Viper V2 Pro Mechanical Gaming,67
Razer Viper V2 Pro Mechanical RGB,92
Razer Viper V2 Pro Mechanical Wireless,221
Razer Viper V2 Pro RGB Ergonomic,234
Razer Viper V2 Pro RGB Gaming,146
Razer Viper V2 Pro Wireless,107
Ring Floodlight Cam Plus 2-Pack Battery Powered,381
Ring Floodlight Cam Plus 2-Pack Wi-Fi Connected,117
Ring Floodlight Cam Plus 4K Ultra HD,411
Ring Floodlight Cam Plus 4K Ultra HD 2-Pack,171
Ring Floodlight Cam Plus Battery Powered,98
Ring Floodlight Cam Plus Pro Bundle,100
Ring Floodlight Cam Plus Smart,127
Ring Floodlight Cam Plus Smart 2-Pack,731
Ring Floodlight Cam Plus Wi-Fi Connected,643
Ring Video Doorbell Pro 2-Pack 4K Ultra HD,640
Ring Video Doorbell Pro 4K Ultra HD,233
Ring Video Doorbell Pro 4K Ultra HD 2-Pack,62
Ring Video Doorbell Pro 4K Ultra HD Wi-Fi Connected,517
Ring Video Doorbell Pro Battery Powered,369
Ring Video Doorbell Pro Battery Powered 4K Ultra HD,784
Ring Video Doorbell Pro Battery Powered Smart,450
Ring Video Doorbell Pro Smart,422
Ring Video Doorbell Pro Smart 4K Ultra HD,144
Ring Video Doorbell Pro Smart Battery Powered,256
Ring Video Doorbell Pro Wi-Fi Connected 4K Ultra HD,650
Samsung 990 PRO NVMe 1TB 2TB,363
Samsung 990 PRO NVMe Fast Charging 4TB,266
Samsung 990 PRO NVMe Fast Charging High-Speed,195
Samsung 990 PRO NVMe High-Speed,88
Samsung 990 PRO NVMe Rugged,173
Samsung 990 PRO NVMe Rugged High-Speed,291
Samsung 990 PRO NVMe USB-C 2TB,321
Samsung EVO Select MicroSD 1TB,372
Samsung EVO Select MicroSD 1TB High-Speed,324
Samsung EVO Select MicroSD Fast Charging,143
Samsung EVO Select MicroSD High-Speed,235
Samsung EVO Select MicroSD High-Speed Rugged,377
Samsung EVO Select MicroSD Rugged Fast Charging,193
Samsung EVO Select MicroSD Rugged High-Speed,127
Samsung Galaxy A54 128GB,518
Samsung Galaxy A54 256GB Plus,1270
Samsung Galaxy A54 512GB,1094
Samsung Galaxy A54 5G,947
Samsung Galaxy A54 Lite,1196
Samsung Galaxy A54 Plus Pro Max,332
Samsung Galaxy S24 256GB,795
Samsung Galaxy S24 256GB 512GB,670
Samsung Galaxy S24 512GB 5G,622
Samsung Galaxy S24 512GB Pro,380
Samsung Galaxy S24 5G 128GB,943
Samsung Galaxy S24 5G 512GB,1171
Samsung Galaxy S24 Plus,508
Samsung Galaxy S24 Plus Pro Max,529
Samsung Galaxy S24 Pro,754
Samsung Galaxy S24 Pro Max 256GB,535
Samsung Galaxy S24 Pro Max 5G,1579
Samsung Galaxy S24 Ultra,1125
Samsung Galaxy S24 Ultra 5G,1159
Samsung Galaxy Z Fold5 128GB,456
Samsung Galaxy Z Fold5 256GB 512GB,604
Samsung Galaxy Z Fold5 256GB Plus,1044
Samsung Galaxy Z Fold5 512GB,1210
Samsung Galaxy Z Fold5 512GB Pro Max,429
Samsung Galaxy Z Fold5 Lite,815
Samsung Galaxy Z Fold5 Pro Ultra,970
Samsung Galaxy Z Fold5 Ultra,760
Samsung Odyssey G7 144Hz IPS,188
Samsung Odyssey G7 144Hz IPS 240Hz OLED,156
Samsung Odyssey G7 240Hz OLED,933
Samsung Odyssey G7 240Hz OLED 144Hz IPS,638
Samsung Odyssey G7 27-inch 4K HDR400,1220
Samsung Odyssey G7 32-inch Curved 27-inch 4K,915
Samsung Odyssey G7 34-inch Ultrawide,416
Samsung Odyssey G7 34-inch Ultrawide HDR400,925
Samsung Odyssey G7 HDR400,163
Samsung Smart Monitor M8 240Hz OLED 34-inch Ultrawide,1098
Samsung Smart Monitor M8 27-inch 4K 240Hz OLED,558
Samsung Smart Monitor M8 32-inch Curved,824
Samsung Smart Monitor M8 32-inch Curved 34-inch Ultrawide,876
Samsung Smart Monitor M8 34-inch Ultrawide,854
Samsung Smart Monitor M8 34-inch Ultrawide 32-inch Curved,300
Samsung T7 Shield SSD 1TB,89
Samsung T7 Shield SSD 2TB Fast Charging,176
Samsung T7 Shield SSD 2TB Rugged,90
Samsung T7 Shield SSD 2TB USB-C,398
Samsung T7 Shield SSD 4TB 2TB,241
Samsung T7 Shield SSD Rugged,166
Samsung T7 Shield SSD Rugged 2TB,391
Samsung T7 Shield SSD USB-C,233
Samsung T7 Shield SSD USB-C Rugged,256
Samsung ViewFinity S8 144Hz IPS,298
Samsung ViewFinity S8 144Hz IPS 27-inch 4K,572
Samsung ViewFinity S8 27-inch 4K 144Hz IPS,610
Samsung ViewFinity S8 27-inch 4K 32-inch Curved,159
Samsung ViewFinity S8 32-inch Curved,945
Samsung ViewFinity S8 32-inch Curved 34-inch Ultrawide,408
Samsung ViewFinity S8 34-inch Ultrawide 32-inch Curved,1120
Samsung ViewFinity S8 HDR400,688
SanDisk Extreme PRO CFexpress 2TB 1TB,70
SanDisk Extreme PRO CFexpress 4TB,305
SanDisk Extreme PRO CFexpress 4TB 1TB,176
SanDisk Extreme PRO CFexpress 4TB 2TB,190
SanDisk Extreme PRO CFexpress 4TB USB-C,197
SanDisk Extreme PRO CFexpress Fast Charging,273
SanDisk Extreme PRO CFexpress High-Speed,304
SanDisk Extreme PRO CFexpress Rugged Fast Charging,105
SanDisk Extreme PRO CFexpress Rugged USB-C,103
SanDisk Extreme Portable 4TB,234
SanDisk Extreme Portable 4TB Fast Charging,231
SanDisk Extreme Portable 4TB Rugged,29
SanDisk Extreme Portable Fast Charging,390
SanDisk Extreme Portable Fast Charging 4TB,38
SanDisk Extreme Portable High-Speed,252
SanDisk Extreme Portable USB-C,217
SanDisk Extreme Portable USB-C 4TB,346
SanDisk Ultra Dual Drive 1TB,94
SanDisk Ultra Dual Drive 2TB,122
SanDisk Ultra Dual Drive 4TB USB-C,44
SanDisk Ultra Dual Drive Fast Charging,254
SanDisk Ultra Dual Drive Fast Charging 4TB,184
SanDisk Ultra Dual Drive High-Speed 1TB,368
SanDisk Ultra Dual Drive Rugged 2TB,63
Seagate Backup Plus 1TB,93
Seagate Backup Plus 1TB 2TB,158
Seagate Backup Plus 1TB Fast Charging,211
Seagate Backup Plus 1TB Rugged,242
Seagate Backup Plus 2TB,172
Seagate Backup Plus 2TB 4TB,242
Seagate Backup Plus 4TB USB-C,337
Seagate Backup Plus Fast Charging,349
Seagate Backup Plus Fast Charging 2TB,139
Seagate Backup Plus Fast Charging High-Speed,203
Seagate Backup Plus High-Speed,394
Seagate Backup Plus High-Speed Rugged,371
Seagate Backup Plus USB-C 2TB,230
Seagate Backup Plus USB-C Fast Charging,351
Seagate FireCuda Gaming 1TB 4TB,126
Seagate FireCuda Gaming 2TB 4TB,59
Seagate FireCuda Gaming 2TB Fast Charging,199
Seagate FireCuda Gaming 4TB USB-C,295
Seagate FireCuda Gaming Fast Charging,332
Seagate FireCuda Gaming Fast Charging USB-C,228
Seagate FireCuda Gaming High-Speed,73
Seagate FireCuda Gaming Rugged,390
Seagate FireCuda Gaming Rugged 1TB,66
Seagate FireCuda Gaming USB-C,349
Seagate FireCuda Gaming USB-C Rugged,202
Sennheiser ACCENTUM Wireless ANC,445
Sennheiser ACCENTUM Wireless ANC Wireless,347
Sennheiser ACCENTUM Wireless Bluetooth Waterproof,75
Sennheiser ACCENTUM Wireless Bluetooth Wireless,259
Sennheiser ACCENTUM Wireless Noise Cancelling,148
Sennheiser ACCENTUM Wireless Noise Cancelling Waterproof,296
Sennheiser ACCENTUM Wireless Studio Edition,437
Sennheiser ACCENTUM Wireless Waterproof Wireless,313
Sennheiser ACCENTUM Wireless Wireless,382
Sennheiser IE 200 ANC,209
Sennheiser IE 200 ANC Bluetooth,94
Sennheiser IE 200 Bluetooth Noise Cancelling,109
Sennheiser IE 200 Noise Cancelling,539
Sennheiser IE 200 Studio Edition,424
Sennheiser IE 200 Waterproof Wireless,118
Sennheiser IE 200 Wireless,247
Sennheiser IE 200 Wireless Studio Edition,428
Sennheiser Momentum 4 ANC,306
Sennheiser Momentum 4 Bluetooth,101
Sennheiser Momentum 4 Noise Cancelling,385
Sennheiser Momentum 4 Studio Edition Waterproof,249
Sennheiser Momentum 4 Studio Edition Wireless,168
Sennheiser Momentum 4 Waterproof Wireless,107
Sennheiser Momentum 4 Wireless Bluetooth,392
Sony LinkBuds S ANC,496
Sony LinkBuds S Bluetooth,72
Sony LinkBuds S Studio Edition,396
Sony LinkBuds S Studio Edition ANC,57
Sony LinkBuds S Waterproof ANC,188
Sony LinkBuds S Waterproof Noise Cancelling,342
Sony LinkBuds S Waterproof Studio Edition,277
Sony LinkBuds S Wireless,186
Sony WF-1000XM5 ANC,306
Sony WF-1000XM5 Noise Cancelling,487
Sony WF-1000XM5 Studio Edition Noise Cancelling,439
Sony WF-1000XM5 Waterproof,253
Sony WF-1000XM5 Waterproof ANC,460
Sony WF-1000XM5 Wireless,251
Sony WH-1000XM5 ANC,376
Sony WH-1000XM5 Bluetooth,193
Sony WH-1000XM5 Waterproof,260
Sony WH-1000XM5 Wireless,476
Sony Xperia 1 V 128GB,993
Sony Xperia 1 V 256GB,1193
Sony Xperia 1 V 512GB Lite,1054
Sony Xperia 1 V 5G Lite,441
Sony Xperia 1 V Pro,1141
Sony Xperia 1 V Pro 256GB,837
Sony Xperia 1 V Pro Max,363
Sony Xperia 1 V Pro Max Plus,691
Sony Xperia 1 V Pro Max Ultra,505
Sony Xperia 1 V Ultra,1167
Sony Xperia 1 V Ultra 512GB,1376
Sony Xperia 5 V 128GB,791
Sony Xperia 5 V 512GB,385
Sony Xperia 5 V 512GB Pro Max,753
Sony Xperia 5 V Lite,1291
Sony Xperia 5 V Lite Pro,1180
Sony Xperia 5 V Plus 256GB,1479
Sony Xperia 5 V Pro 512GB,730
Sony Xperia 5 V Pro Max,622
Sony Xperia 5 V Pro Max Lite,1337
Sony Xperia 5 V Ultra,1218
SteelSeries Aerox 3 Wireless Ergonomic Gaming,216
SteelSeries Aerox 3 Wireless Ergonomic Wireless,40
SteelSeries Aerox 3 Wireless RGB,92
SteelSeries Aerox 3 Wireless RGB Gaming,122
SteelSeries Aerox 3 Wireless RGB Wireless,45
SteelSeries Aerox 3 Wireless Tenkeyless,74
SteelSeries Aerox 3 Wireless Wireless Ergonomic,164
SteelSeries Aerox 3 Wireless Wireless RGB,230
SteelSeries Apex Pro TKL Ergonomic,206
SteelSeries Apex Pro TKL Gaming,110
SteelSeries Apex Pro TKL Gaming RGB,57
SteelSeries Apex Pro TKL Gaming Wireless,78
SteelSeries Apex Pro TKL RGB Tenkeyless,52
SteelSeries Apex Pro TKL Tenkeyless,198
SteelSeries Apex Pro TKL Wireless,148
SteelSeries Arctis Nova 7 Ergonomic,88
SteelSeries Arctis Nova 7 Ergonomic Gaming,247
SteelSeries Arctis Nova 7 Ergonomic Tenkeyless,152
SteelSeries Arctis Nova 7 Mechanical,232
SteelSeries Arctis Nova 7 Tenkeyless Mechanical,207
SteelSeries Arctis Nova 7 Wireless Gaming,183
Western Digital My Passport 1TB,385
Western Digital My Passport 1TB High-Speed,169
Western Digital My Passport 2TB 1TB,260
Western Digital My Passport 2TB 4TB,356
Western Digital My Passport 2TB Fast Charging,286
Western Digital My Passport 4TB,239
Western Digital My Passport 4TB Fast Charging,387
Western Digital My Passport 4TB USB-C,347
Western Digital My Passport Fast Charging,330
Western Digital My Passport High-Speed,197
Western Digital My Passport High-Speed 1TB,182
Western Digital My Passport High-Speed 2TB,298
Western Digital My Passport High-Speed USB-C,41
Western Digital My Passport USB-C 1TB,342
Western Digital WD Black SN850X 1TB,92
Western Digital WD Black SN850X 1TB 2TB,42
Western Digital WD Black SN850X 1TB 4TB,132
Western Digital WD Black SN850X 2TB,268
Western Digital WD Black SN850X Fast Charging,283
Western Digital WD Black SN850X Fast Charging USB-C,328
Western Digital WD Black SN850X High-Speed,147
Western Digital WD Black SN850X Rugged,292
Western Digital WD Black SN850X USB-C,37
Western Digital WD Black SN850X USB-C Rugged,392
Xiaomi Poco F5 256GB Plus,642
Xiaomi Poco F5 512GB 256GB,1471
Xiaomi Poco F5 5G Pro Max,338
Xiaomi Poco F5 Lite,658
Xiaomi Poco F5 Lite Pro,1057
Xiaomi Poco F5 Plus 512GB,1077
Xiaomi Poco F5 Plus Pro,1037
Xiaomi Poco F5 Ultra,896
Xiaomi Redmi Note 13 128GB Ultra,714
Xiaomi Redmi Note 13 256GB Ultra,497
Xiaomi Redmi Note 13 512GB,1008
Xiaomi Redmi Note 13 512GB Plus,986
Xiaomi Redmi Note 13 5G Lite,387
Xiaomi Redmi Note 13 Lite,1550
Xiaomi Redmi Note 13 Lite 5G,536
Xiaomi Redmi Note 13 Pro,757
Xiaomi Redmi Note 13 Pro Max 5G,1478
Xiaomi Redmi Note 13 Pro Max Ultra,1009
Xiaomi Redmi Note 13 Ultra,1112
Xiaomi Redmi Note 13 Ultra Plus,1517
Xiaomi Xiaomi 14 128GB,1040
Xiaomi Xiaomi 14 128GB Lite,1234
Xiaomi Xiaomi 14 512GB,743
Xiaomi Xiaomi 14 5G,868
Xiaomi Xiaomi 14 Lite,375
Xiaomi Xiaomi 14 Plus,841
Xiaomi Xiaomi 14 Plus 128GB,1308
Xiaomi Xiaomi 14 Plus 512GB,1495
Xiaomi Xiaomi 14 Plus 5G,749
Xiaomi Xiaomi 14 Pro,609
Xiaomi Xiaomi 14 Pro 256GB,1459
Xiaomi Xiaomi 14 Pro Max Lite,1270
Xiaomi Xiaomi 14 Pro Max Pro,769
Xiaomi Xiaomi 14 Ultra 5G,643
